{
  "timestamp": "2025-12-21T12:09:56.636101",
  "checkpoint": "checkpoints/best_model.pt",
  "device": "cuda",
  "benchmarks": {
    "calfw": {
      "accuracy": 0.6926666666666667,
      "accuracy_percent": 69.26666666666667,
      "kfold_mean": 0.6926666666666667,
      "kfold_std": 0.018829645656664805,
      "auc": 0.7544754444444445,
      "threshold": 0.09090909090909105
    }
  }
}